<?xml version='1.0' encoding='utf-8'?>
<!DOCTYPE hibernate-configuration PUBLIC
        "-//Hibernate/Hibernate Configuration DTD//EN"
        "http://www.hibernate.org/dtd/hibernate-configuration-3.0.dtd">
<hibernate-configuration>
    <session-factory>
        <!-- Local DB -->
        <property name="connection.url">jdbc:postgresql://localhost:5432/postgres?useSSL=false</property>
        <property name="connection.driver_class">org.postgresql.Driver</property>
        <property name="connection.username">s335094</property>
        <property name="connection.password">password</property>


        <!-- Helios DB
        <property name="connection.url">jdbc:postgresql://pg:5432/studs?useSSL=false</property>
        <property name="connection.driver_class">org.postgresql.Driver</property>
        <property name="connection.username">s335094</property>
        <property name="connection.password">tOoJYgxVR6jCuUEo</property>
        -->
        <!-- -->
        <property name="hibernate.hbm2ddl.auto">update</property>
        <property name="current_session_context_class">thread</property>
        <property name="dialect">org.hibernate.dialect.PostgreSQL10Dialect</property>
        <property name="show_sql">true</property>
    </session-factory>
</hibernate-configuration>
