<?xml version = "1.0" encoding = "UTF-8"?>

<faces-config
        xmlns = "http://java.sun.com/xml/ns/javaee"
        xmlns:xsi = "http://www.w3.org/2001/XMLSchema-instance"
        xsi:schemaLocation = "http://java.sun.com/xml/ns/javaee
            http://java.sun.com/xml/ns/javaee/web-facesconfig_2_0.xsd"
        version = "2.0">

    <navigation-rule>
        <from-view-id>/index.xhtml</from-view-id>
        <navigation-case>
            <from-outcome>goToMain</from-outcome>
            <to-view-id>/main.xhtml</to-view-id>
        </navigation-case>
    </navigation-rule>

    <navigation-rule>
        <from-view-id>/main.xhtml</from-view-id>
        <navigation-case>
            <from-outcome>goToIndex</from-outcome>
            <to-view-id>/index.xhtml</to-view-id>
        </navigation-case>
    </navigation-rule>
    <managed-bean>
        <managed-bean-name>now</managed-bean-name>
        <managed-bean-class>java.util.Date</managed-bean-class>
        <managed-bean-scope>request</managed-bean-scope>
    </managed-bean>
</faces-config>